date,year,day_number,ID_NR,sex,age_class,age_for_analyses,s_length,mass,ID_mat,merking_mat,age_mat_field,age_mat_class,age_mat,s_length_mat,girth_mat,mass_mat,condition_mat,litter_size,litter_index
1994-04-19T00:00:00Z,1994,109,7894,f,c,0,NA,9,7893,n,10,ad,13,202,117,NA,3,2,7893_109_1994
1994-04-19T00:00:00Z,1994,109,7895,m,c,0,NA,11,7893,n,10,ad,13,202,117,NA,3,2,7893_109_1994
1995-04-05T00:00:00Z,1995,95,7920,m,c,0,NA,13,7919,n,6,ad,6,189,111,155,2,2,7919_95_1995
1995-04-05T00:00:00Z,1995,95,7921,m,c,0,NA,13,7919,n,6,ad,6,189,111,155,2,2,7919_95_1995
1995-04-08T00:00:00Z,1995,98,7929,m,c,0,67,8.5,7928,n,8,ad,8,187,108,143,2,2,7928_98_1995
1995-04-08T00:00:00Z,1995,98,7930,m,c,0,68,8.8,7928,n,8,ad,8,187,108,143,2,2,7928_98_1995
1995-04-11T00:00:00Z,1995,101,7936,f,c,0,69,9.8,7935,n,8,ad,7,188,125,180,2,1,7935_101_1995
1995-04-11T00:00:00Z,1995,101,7938,m,c,0,72,10,7937,n,8,ad,8,197,110,156,2,2,7937_101_1995
1995-04-11T00:00:00Z,1995,101,7939,f,c,0,74,10.4,7937,n,8,ad,8,197,110,156,2,2,7937_101_1995
1995-04-11T00:00:00Z,1995,101,7941,m,c,0,NA,9.8,7940,n,5,ad,6,188,120,NA,2,2,7940_101_1995
1995-04-11T00:00:00Z,1995,101,7942,m,c,0,NA,10,7940,n,5,ad,6,188,120,NA,2,2,7940_101_1995
1995-04-12T00:00:00Z,1995,102,7945,f,c,0,72,10,7944,n,10,ad,10,190,111,145,2,2,7944_102_1995
1995-04-12T00:00:00Z,1995,102,7946,m,c,0,76,12.4,7944,n,10,ad,10,190,111,145,2,2,7944_102_1995
1995-04-20T00:00:00Z,1995,110,7961,m,c,0,NA,9.5,7949,n,6,ad,8,185,115,NA,2,2,7949_110_1995
1995-04-20T00:00:00Z,1995,110,7962,m,c,0,NA,10,7949,n,6,ad,8,185,115,NA,2,2,7949_110_1995
1995-04-20T00:00:00Z,1995,110,7964,m,c,0,NA,7.5,7963,n,8,ad,6,188,123,NA,2,2,7963_110_1995
1995-04-20T00:00:00Z,1995,110,7965,m,c,0,NA,7,7963,n,8,ad,6,188,123,NA,2,2,7963_110_1995
1996-04-02T00:00:00Z,1996,93,7994,m,c,0,77,11,7993,n,15,ad,14,182,115,NA,3,1,7993_93_1996
1996-04-03T00:00:00Z,1996,94,7998,f,c,0,58,7.3,7997,n,6,ad,7,195,108,NA,2,2,7997_94_1996
1996-04-03T00:00:00Z,1996,94,7999,m,c,0,64,7.3,7997,n,6,ad,7,195,108,NA,2,2,7997_94_1996
1996-04-04T00:00:00Z,1996,95,23005,f,c,0,70,8.4,23004,n,8,ad,9,191,103,151,2,2,23004_95_1996
1996-04-04T00:00:00Z,1996,95,23006,f,c,0,75,9.5,23004,n,8,ad,9,191,103,151,2,2,23004_95_1996
1996-04-06T00:00:00Z,1996,97,23008,m,c,0,71,8.7,23007,n,10,ad,6,185,100,132,2,2,23007_97_1996
1996-04-06T00:00:00Z,1996,97,23009,f,c,0,71,8.7,23007,n,10,ad,6,185,100,132,2,2,23007_97_1996
1996-04-06T00:00:00Z,1996,97,23011,f,c,0,74,10.4,23010,n,10,ad,14,195,123,NA,3,2,23010_97_1996
1996-04-06T00:00:00Z,1996,97,23012,m,c,0,79,12.5,23010,n,10,ad,14,195,123,NA,3,2,23010_97_1996
1996-04-07T00:00:00Z,1996,98,23014,f,c,0,79,11.4,23013,n,10,ad,7,190,114,NA,2,2,23013_98_1996
1996-04-07T00:00:00Z,1996,98,23015,m,c,0,78,12.4,23013,n,10,ad,7,190,114,NA,2,2,23013_98_1996
1996-04-09T00:00:00Z,1996,100,23017,f,c,0,80,12.2,23016,n,8,ad,8,195,107,NA,2,2,23016_100_1996
1996-04-09T00:00:00Z,1996,100,23018,m,c,0,76,12.4,23016,n,8,ad,8,195,107,NA,2,2,23016_100_1996
1996-04-10T00:00:00Z,1996,101,23019,f,c,0,71.5,9,7940,r,10,ad,7,195,111,NA,2,2,7940_101_1996
1996-04-10T00:00:00Z,1996,101,23020,m,c,0,69,8.8,7940,r,10,ad,7,195,111,NA,2,2,7940_101_1996
1996-04-12T00:00:00Z,1996,103,23025,m,c,0,72,10.4,23024,n,8,ad,7,196,114,NA,2,1,23024_103_1996
1996-04-12T00:00:00Z,1996,103,23027,m,c,0,71,9.5,23026,n,10,ad,10,187,119,NA,2,2,23026_103_1996
1996-04-12T00:00:00Z,1996,103,23028,m,c,0,69,9.4,23026,n,10,ad,10,187,119,NA,2,2,23026_103_1996
1996-04-13T00:00:00Z,1996,104,23033,m,c,0,74,11.6,23032,n,9,ad,7,195,111,NA,3,2,23032_104_1996
1996-04-13T00:00:00Z,1996,104,23034,f,c,0,70,10.6,23032,n,9,ad,7,195,111,NA,3,2,23032_104_1996
1996-04-13T00:00:00Z,1996,104,23036,f,c,0,78,10.7,23035,n,9,ad,7,198,112,NA,2,2,23035_104_1996
1996-04-13T00:00:00Z,1996,104,23037,f,c,0,74,10,23035,n,9,ad,7,198,112,NA,2,2,23035_104_1996
1996-04-17T00:00:00Z,1996,108,23040,m,c,0,75,11.7,23039,n,10,ad,6,197,109,NA,2,2,23039_108_1996
1996-04-17T00:00:00Z,1996,108,23041,f,c,0,76,12.7,23039,n,10,ad,6,197,109,NA,2,2,23039_108_1996
1996-04-19T00:00:00Z,1996,110,23043,m,c,0,70,9.4,23042,n,8,ad,7,183,113,NA,2,2,23042_110_1996
1996-04-19T00:00:00Z,1996,110,23044,f,c,0,63,6.8,23042,n,8,ad,7,183,113,NA,2,2,23042_110_1996
1996-04-19T00:00:00Z,1996,110,23047,f,c,0,75,10.4,23046,n,14,ad,21,191,120,NA,3,2,23046_110_1996
1996-04-19T00:00:00Z,1996,110,23048,f,c,0,73,10.2,23046,n,14,ad,21,191,120,NA,3,2,23046_110_1996
1996-04-23T00:00:00Z,1996,114,23050,f,c,0,81,12.7,23049,n,7,ad,9,197,111,NA,2,2,23049_114_1996
1996-04-23T00:00:00Z,1996,114,23051,m,c,0,78,12.9,23049,n,7,ad,9,197,111,NA,2,2,23049_114_1996
1996-04-23T00:00:00Z,1996,114,23053,m,c,0,77,11.5,23052,n,15,ad,7,182,110,NA,2,2,23052_114_1996
1996-04-23T00:00:00Z,1996,114,23054,f,c,0,75,10.1,23052,n,15,ad,7,182,110,NA,2,2,23052_114_1996
1996-04-23T00:00:00Z,1996,114,23056,m,c,0,68,8.2,23055,n,7,ad,6,189,108,NA,2,2,23055_114_1996
1996-04-23T00:00:00Z,1996,114,23057,m,c,0,69,9.2,23055,n,7,ad,6,189,108,NA,2,2,23055_114_1996
1997-04-03T00:00:00Z,1997,93,23078,m,c,0,70,9.3,23077,n,8,ad,6,200,122,212,2,2,23077_93_1997
1997-04-03T00:00:00Z,1997,93,23079,f,c,0,73,9,23077,n,8,ad,6,200,122,212,2,2,23077_93_1997
1997-04-07T00:00:00Z,1997,97,23090,m,c,0,76,9.3,7935,r,14,ad,9,191,102,140,2,1,7935_97_1997
1997-04-08T00:00:00Z,1997,98,23097,m,c,0,74,9.9,23096,n,12,ad,11,199,112,230,2,2,23096_98_1997
1997-04-08T00:00:00Z,1997,98,23098,f,c,0,68,9.8,23096,n,12,ad,11,199,112,230,2,2,23096_98_1997
1997-04-08T00:00:00Z,1997,98,23100,f,c,0,79,10.9,23099,n,17,ad,18,201,111,NA,2,1,23099_98_1997
1997-04-09T00:00:00Z,1997,99,23107,f,c,0,84,12,23106,n,7,ad,7,207,112,NA,2,3,23106_99_1997
1997-04-09T00:00:00Z,1997,99,23108,f,c,0,63,5.7,23106,n,7,ad,7,207,112,NA,2,3,23106_99_1997
1997-04-10T00:00:00Z,1997,100,23112,f,c,0,68,8.8,23111,n,6,ad,6,178,108,NA,3,1,23111_100_1997
1997-04-14T00:00:00Z,1997,104,23114,f,c,0,72,10.75,23113,n,6,ad,6,202,116,200,2,1,23113_104_1997
1997-04-17T00:00:00Z,1997,107,23124,f,c,0,51,3,23123,n,6,ad,8,202,117,NA,2,1,23123_107_1997
1997-04-22T00:00:00Z,1997,112,23138,f,c,0,72,9.5,23137,n,6,ad,5,195,116,NA,3,1,23137_112_1997
1997-04-22T00:00:00Z,1997,112,23140,m,c,0,83,12.6,23139,n,9,ad,7,197,110,NA,2,1,23139_112_1997
1997-04-22T00:00:00Z,1997,112,23142,m,c,0,69,8.3,23141,n,9,ad,7,192,104,NA,2,2,23141_112_1997
1997-04-22T00:00:00Z,1997,112,23143,f,c,0,74,9.7,23141,n,9,ad,7,192,104,NA,2,2,23141_112_1997
1997-04-22T00:00:00Z,1997,112,23146,m,c,0,70,10.7,23145,n,7,ad,5,186,110,NA,2,1,23145_112_1997
1997-04-25T00:00:00Z,1997,115,23149,m,c,0,68,9.25,23148,n,12,ad,14,185,106,NA,2,2,23148_115_1997
1997-04-25T00:00:00Z,1997,115,23150,f,c,0,69,8.25,23148,n,12,ad,14,185,106,NA,2,2,23148_115_1997
1997-05-01T00:00:00Z,1997,121,23159,m,c,0,97,23.75,23158,n,14,ad,13,200,107,NA,2,1,23158_121_1997
1998-04-01T00:00:00Z,1998,91,23191,f,c,0,75,9,23190,n,12,ad,12,194,100,NA,2,2,23190_91_1998
1998-04-01T00:00:00Z,1998,91,23192,m,c,0,73,9,23190,n,12,ad,12,194,100,NA,2,2,23190_91_1998
1998-04-01T00:00:00Z,1998,91,23194,f,c,0,61,5.25,23193,n,15,ad,19,190,107,NA,2,1,23193_91_1998
1998-04-01T00:00:00Z,1998,91,23195,m,c,0,70,8,7934,r,10,ad,8,192,104,NA,2,2,7934_91_1998
1998-04-01T00:00:00Z,1998,91,23196,m,c,0,71,8.25,7934,r,10,ad,8,192,104,NA,2,2,7934_91_1998
1998-04-03T00:00:00Z,1998,93,23198,f,c,0,74,11.25,20072,r,12,ad,14,199,122,162,2,1,20072_93_1998
1998-04-13T00:00:00Z,1998,103,23227,f,c,0,76,11.25,23226,n,10,ad,12,187,117,168,2,2,23226_103_1998
1998-04-13T00:00:00Z,1998,103,23228,m,c,0,71,8.75,23226,n,10,ad,12,187,117,168,2,2,23226_103_1998
1998-04-13T00:00:00Z,1998,103,23230,f,c,0,68,8,23229,n,6,ad,7,192,110,NA,2,2,23229_103_1998
1998-04-13T00:00:00Z,1998,103,23231,f,c,0,70,8.75,23229,n,6,ad,7,192,110,NA,2,2,23229_103_1998
1998-04-13T00:00:00Z,1998,103,23238,m,c,0,76,11.25,23237,n,22,ad,21,191,106,NA,2,1,23237_103_1998
1998-04-14T00:00:00Z,1998,104,23243,f,c,0,80,13.5,23242,n,14,ad,15,200,116,NA,3,2,23242_104_1998
1998-04-14T00:00:00Z,1998,104,23244,m,c,0,80,15.25,23242,n,14,ad,15,200,116,NA,3,2,23242_104_1998
1998-04-14T00:00:00Z,1998,104,23247,m,c,0,74,12.25,23246,n,10,ad,10,192,113,NA,2,2,23246_104_1998
1998-04-14T00:00:00Z,1998,104,23248,f,c,0,71,10.5,23246,n,10,ad,10,192,113,NA,2,2,23246_104_1998
1998-04-15T00:00:00Z,1998,105,23250,m,c,0,75,11.5,23249,n,8,ad,14,203,116,NA,2,2,23249_105_1998
1998-04-15T00:00:00Z,1998,105,23251,m,c,0,77,13,23249,n,8,ad,14,203,116,NA,2,2,23249_105_1998
1998-04-15T00:00:00Z,1998,105,23253,f,c,0,74,11.5,23252,n,12,ad,15,194,109,NA,2,2,23252_105_1998
1998-04-15T00:00:00Z,1998,105,23254,f,c,0,77,11.25,23252,n,12,ad,15,194,109,NA,2,2,23252_105_1998
1998-04-16T00:00:00Z,1998,106,23257,m,c,0,70,9.75,23256,n,15,ad,15,196,116,NA,3,3,23256_106_1998
1998-04-16T00:00:00Z,1998,106,23258,f,c,0,66,7.5,23256,n,15,ad,15,196,116,NA,3,3,23256_106_1998
1998-04-16T00:00:00Z,1998,106,23259,m,c,0,64,7.5,23256,n,15,ad,15,196,116,NA,3,3,23256_106_1998
1998-04-16T00:00:00Z,1998,106,23261,m,c,0,76,12.25,23260,n,7,ad,6,200,107,NA,2,1,23260_106_1998
1998-04-16T00:00:00Z,1998,106,23266,m,c,0,73,12,23265,n,13,ad,12,210,127,NA,3,3,23265_106_1998
1998-04-16T00:00:00Z,1998,106,23267,m,c,0,64,8.25,23265,n,13,ad,12,210,127,NA,3,3,23265_106_1998
1998-04-16T00:00:00Z,1998,106,23268,f,c,0,67,8.5,23265,n,13,ad,12,210,127,NA,3,3,23265_106_1998
1998-04-16T00:00:00Z,1998,106,23270,m,c,0,84,16.5,23269,n,7,ad,14,191,107,NA,2,1,23269_106_1998
1998-04-16T00:00:00Z,1998,106,23272,f,c,0,72,9.5,23271,n,5,ad,9,193,99,NA,1,2,23271_106_1998
1998-04-16T00:00:00Z,1998,106,23273,f,c,0,76,10.25,23271,n,5,ad,9,193,99,NA,1,2,23271_106_1998
1998-04-16T00:00:00Z,1998,106,23275,f,c,0,75,11.5,23274,n,7,ad,7,192,111,NA,2,2,23274_106_1998
1998-04-16T00:00:00Z,1998,106,23276,m,c,0,76,11.5,23274,n,7,ad,7,192,111,NA,2,2,23274_106_1998
1998-04-17T00:00:00Z,1998,107,23279,m,c,0,73,10.75,23278,n,7,ad,16,197,105,NA,2,2,23278_107_1998
1998-04-17T00:00:00Z,1998,107,23280,m,c,0,72,10.5,23278,n,7,ad,16,197,105,NA,2,2,23278_107_1998
1998-04-17T00:00:00Z,1998,107,23282,m,c,0,68,9.5,23281,n,6,ad,8,192,108,NA,2,1,23281_107_1998
1998-04-21T00:00:00Z,1998,111,23289,f,c,0,74,12.5,23288,n,9,ad,9,202,120,NA,2,2,23288_111_1998
1998-04-21T00:00:00Z,1998,111,23290,m,c,0,79,14.25,23288,n,9,ad,9,202,120,NA,2,2,23288_111_1998
1998-04-21T00:00:00Z,1998,111,23292,f,c,0,84,18.75,23291,n,6,ad,13,186,114,NA,2,1,23291_111_1998
1998-04-23T00:00:00Z,1998,113,23295,f,c,0,81,14.25,23294,n,18,ad,15,211,132,NA,3,1,23294_113_1998
1998-04-23T00:00:00Z,1998,113,23298,m,c,0,68,10.25,23016,r,NA,ad,10,195,102,NA,1,2,23016_113_1998
1998-04-23T00:00:00Z,1998,113,23299,m,c,0,71,10,23016,r,NA,ad,10,195,102,NA,1,2,23016_113_1998
1998-05-08T00:00:00Z,1998,128,23338,m,c,0,81,15.25,20052,r,12,ad,12,193,117,NA,2,2,20052_128_1998
1998-05-08T00:00:00Z,1998,128,23339,m,c,0,80,14.75,20052,r,12,ad,12,193,117,NA,2,2,20052_128_1998
1999-04-04T00:00:00Z,1999,94,23368,m,c,0,76,8.5,23367,n,14,ad,19,198,102,NA,1,2,23367_94_1999
1999-04-04T00:00:00Z,1999,94,23369,m,c,0,78,9.25,23367,n,14,ad,19,198,102,NA,1,2,23367_94_1999
1999-04-13T00:00:00Z,1999,103,23391,f,c,0,76,11.5,23390,n,NA,ad,14,197,116,NA,2,2,23390_103_1999
1999-04-13T00:00:00Z,1999,103,23392,m,c,0,77,11,23390,n,NA,ad,14,197,116,NA,2,2,23390_103_1999
1999-04-13T00:00:00Z,1999,103,23394,f,c,0,74,11,23393,n,8,ad,7,186,105,NA,2,1,23393_103_1999
1999-04-14T00:00:00Z,1999,104,23398,f,c,0,82,9.25,23397,n,6,ad,10,198,94,NA,1,2,23397_104_1999
1999-04-14T00:00:00Z,1999,104,23399,m,c,0,83,11.25,23397,n,6,ad,10,198,94,NA,1,2,23397_104_1999
1999-04-15T00:00:00Z,1999,105,23414,f,c,0,65,7.75,23413,n,9,ad,9,191,101,NA,2,2,23413_105_1999
1999-04-15T00:00:00Z,1999,105,23415,f,c,0,68,7.5,23413,n,9,ad,9,191,101,NA,2,2,23413_105_1999
1999-04-15T00:00:00Z,1999,105,23417,f,c,0,78,12.25,23416,n,10,ad,9,197,104,NA,2,2,23416_105_1999
1999-04-15T00:00:00Z,1999,105,23418,m,c,0,74,11,23416,n,10,ad,9,197,104,NA,2,2,23416_105_1999
1999-04-15T00:00:00Z,1999,105,23420,m,c,0,88,17.75,23419,n,14,ad,18,205,108,NA,2,1,23419_105_1999
1999-04-15T00:00:00Z,1999,105,23422,f,c,0,79,14,23421,n,10,ad,9,188,99,NA,2,1,23421_105_1999
1999-04-18T00:00:00Z,1999,108,23426,f,c,0,68,9,23425,n,9,ad,7,189,104,NA,2,1,23425_108_1999
2000-04-02T00:00:00Z,2000,93,23477,f,c,0,79,11.25,23476,n,9,ad,14,196,97,NA,1,2,23476_93_2000
2000-04-02T00:00:00Z,2000,93,23478,f,c,0,78,11.25,23476,n,9,ad,14,196,97,NA,1,2,23476_93_2000
2000-04-02T00:00:00Z,2000,93,23481,m,c,0,91,18.25,23480,n,18,ad,19,204,109,NA,2,1,23480_93_2000
2000-04-03T00:00:00Z,2000,94,23485,f,c,0,84,17,23484,n,10,ad,11,195,105,NA,2,2,23484_94_2000
2000-04-03T00:00:00Z,2000,94,23486,m,c,0,86,19.25,23484,n,10,ad,11,195,105,NA,2,2,23484_94_2000
2000-04-05T00:00:00Z,2000,96,23494,m,c,0,85,14.5,7803,r,12,ad,15,196,105,NA,2,2,7803_96_2000
2000-04-05T00:00:00Z,2000,96,23495,m,c,0,86,14,7803,r,12,ad,15,196,105,NA,2,2,7803_96_2000
2000-04-07T00:00:00Z,2000,98,23499,f,c,0,94,26.5,23347,r,13,ad,16,198,115,NA,3,2,23347_98_2000
2000-04-07T00:00:00Z,2000,98,23500,f,c,0,93,22.25,23347,r,13,ad,16,198,115,NA,3,2,23347_98_2000
2000-04-12T00:00:00Z,2000,103,23510,f,c,0,84,15.75,23509,n,17,ad,19,194,98,NA,2,2,23509_103_2000
2000-04-12T00:00:00Z,2000,103,23511,m,c,0,82,14.5,23509,n,17,ad,19,194,98,NA,2,2,23509_103_2000
2000-04-13T00:00:00Z,2000,104,23515,f,c,0,81,12.75,23514,n,9,ad,10,191,103,NA,2,2,23514_104_2000
2000-04-13T00:00:00Z,2000,104,23516,f,c,0,77,13.5,23514,n,9,ad,10,191,103,NA,2,2,23514_104_2000
2000-04-13T00:00:00Z,2000,104,23518,f,c,0,82,16,23517,n,8,ad,8,198,111,NA,2,1,23517_104_2000
2000-04-13T00:00:00Z,2000,104,23520,f,c,0,80,12.75,23519,n,9,ad,9,195,110,NA,2,2,23519_104_2000
2000-04-13T00:00:00Z,2000,104,23521,m,c,0,80,13.5,23519,n,9,ad,9,195,110,NA,2,2,23519_104_2000
2000-04-13T00:00:00Z,2000,104,23523,f,c,0,72,9,23522,n,NA,ad,7,191,96,NA,1,2,23522_104_2000
2000-04-13T00:00:00Z,2000,104,23524,m,c,0,72,8.75,23522,n,NA,ad,7,191,96,NA,1,2,23522_104_2000
2000-04-13T00:00:00Z,2000,104,23526,f,c,0,75,11.25,23525,n,6,ad,9,191,104,NA,2,1,23525_104_2000
2000-04-13T00:00:00Z,2000,104,23528,m,c,0,70,8.5,23527,n,8,ad,10,189,102,NA,2,2,23527_104_2000
2000-04-13T00:00:00Z,2000,104,23529,m,c,0,69,9,23527,n,8,ad,10,189,102,NA,2,2,23527_104_2000
2000-04-14T00:00:00Z,2000,105,23535,f,c,0,84,15,23534,n,7,ad,9,190,101,NA,2,1,23534_105_2000
2000-04-20T00:00:00Z,2000,111,23539,m,c,0,74,11,23538,n,7,ad,15,203,105,NA,2,2,23538_111_2000
2000-04-20T00:00:00Z,2000,111,23540,f,c,0,76,11.25,23538,n,7,ad,15,203,105,NA,2,2,23538_111_2000
2000-04-20T00:00:00Z,2000,111,23542,f,c,0,75,11,23541,n,12,ad,11,201,109,NA,2,2,23541_111_2000
2000-04-20T00:00:00Z,2000,111,23543,m,c,0,74,11,23541,n,12,ad,11,201,109,NA,2,2,23541_111_2000
2000-04-20T00:00:00Z,2000,111,23545,f,c,0,79,12.5,23544,n,16,ad,13,206,113,NA,2,2,23544_111_2000
2000-04-20T00:00:00Z,2000,111,23546,f,c,0,81,12.75,23544,n,16,ad,13,206,113,NA,2,2,23544_111_2000
2000-04-20T00:00:00Z,2000,111,23548,f,c,0,74,9.75,23547,n,7,ad,8,194,109,NA,2,2,23547_111_2000
2000-04-20T00:00:00Z,2000,111,23549,m,c,0,71,9,23547,n,7,ad,8,194,109,NA,2,2,23547_111_2000
2000-04-20T00:00:00Z,2000,111,23551,f,c,0,69,8.25,23550,n,17,ad,24,189,109,NA,2,1,23550_111_2000
2000-04-20T00:00:00Z,2000,111,23553,m,c,0,83,19.5,23552,n,17,ad,20,198,115,NA,3,1,23552_111_2000
2000-04-20T00:00:00Z,2000,111,23555,m,c,0,77,11.5,23554,n,16,ad,19,202,115,NA,2,2,23554_111_2000
2000-04-20T00:00:00Z,2000,111,23556,m,c,0,78,13.5,23554,n,16,ad,19,202,115,NA,2,2,23554_111_2000
2001-04-12T00:00:00Z,2001,102,23569,m,c,0,78,11,23367,r,13,ad,21,198,108,NA,2,2,23367_102_2001
2001-04-12T00:00:00Z,2001,102,23570,f,c,0,79,11.5,23367,r,13,ad,21,198,108,NA,2,2,23367_102_2001
2001-04-19T00:00:00Z,2001,109,23588,f,c,0,66,7.75,23587,n,9,ad,6,189,109,NA,2,2,23587_109_2001
2001-04-19T00:00:00Z,2001,109,23589,f,c,0,65,8,23587,n,9,ad,6,189,109,NA,2,2,23587_109_2001
2001-04-21T00:00:00Z,2001,111,23596,f,c,0,80,17.25,23595,n,10,ad,11,194,113,NA,2,2,23595_111_2001
2001-04-21T00:00:00Z,2001,111,23597,f,c,0,87,17.5,23595,n,10,ad,11,194,113,NA,2,2,23595_111_2001
2001-04-22T00:00:00Z,2001,112,23612,m,c,0,76,11.75,23030,r,6,ad,6,196,106,NA,2,1,23030_112_2001
2001-04-22T00:00:00Z,2001,112,23614,f,c,0,76,10.75,23613,n,9,ad,8,193,105,NA,2,2,23613_112_2001
2001-04-22T00:00:00Z,2001,112,23615,m,c,0,73,10.25,23613,n,9,ad,8,193,105,NA,2,2,23613_112_2001
2001-05-05T00:00:00Z,2001,125,23637,f,c,0,101,29.75,23636,n,8,ad,11,195,116,NA,3,1,23636_125_2001
2002-04-12T00:00:00Z,2002,102,23654,m,c,0,74,11.25,23653,n,11,ad,10,189,112,NA,2,2,23653_102_2002
2002-04-12T00:00:00Z,2002,102,23655,m,c,0,75,11.5,23653,n,11,ad,10,189,112,NA,2,2,23653_102_2002
2002-04-13T00:00:00Z,2002,103,23658,f,c,0,72,9,23657,n,10,ad,8,191,109,NA,2,2,23657_103_2002
2002-04-13T00:00:00Z,2002,103,23659,f,c,0,70,8.25,23657,n,10,ad,8,191,109,NA,2,2,23657_103_2002
2002-04-25T00:00:00Z,2002,115,23680,f,c,0,93,20.75,23679,n,10,ad,10,198,114,NA,2,2,23679_115_2002
2002-04-25T00:00:00Z,2002,115,23681,m,c,0,92,19.75,23679,n,10,ad,10,198,114,NA,2,2,23679_115_2002
2002-04-28T00:00:00Z,2002,118,23683,m,c,0,98,24.5,7951,r,19,ad,15,203,123,NA,2,2,7951_118_2002
2002-04-28T00:00:00Z,2002,118,23684,m,c,0,92,20.25,7951,r,19,ad,15,203,123,NA,2,2,7951_118_2002
2002-04-30T00:00:00Z,2002,120,23689,f,c,0,87,12.75,23688,n,7,ad,7,198,103,NA,1,1,23688_120_2002
2003-04-05T00:00:00Z,2003,95,23695,m,c,0,86,14.5,7757,r,13,ad,15,190,94,NA,2,2,7757_95_2003
2003-04-05T00:00:00Z,2003,95,23696,f,c,0,82,13.5,7757,r,13,ad,15,190,94,NA,2,2,7757_95_2003
2003-04-19T00:00:00Z,2003,109,23712,f,c,0,80,12.75,23357,r,7,ad,7,195,99,NA,2,2,23357_109_2003
2003-04-19T00:00:00Z,2003,109,23713,m,c,0,84,14.75,23357,r,7,ad,7,195,99,NA,2,2,23357_109_2003
2003-04-19T00:00:00Z,2003,109,23716,f,c,0,80,13.75,23715,n,6,ad,6,195,106,NA,3,1,23715_109_2003
2003-04-21T00:00:00Z,2003,111,23717,m,c,0,90,20.25,7805,r,16,ad,14,191,105,NA,3,2,7805_111_2003
2003-04-21T00:00:00Z,2003,111,23718,f,c,0,90,18.75,7805,r,16,ad,14,191,105,NA,3,2,7805_111_2003
2003-04-23T00:00:00Z,2003,113,23722,f,c,0,75,11.25,23534,r,12,ad,12,192,99,NA,2,1,23534_113_2003
2003-04-26T00:00:00Z,2003,116,23726,f,c,0,73,11.5,23725,n,12,ad,11,189,112,NA,3,2,23725_116_2003
2003-04-26T00:00:00Z,2003,116,23727,f,c,0,75,12,23725,n,12,ad,11,189,112,NA,3,2,23725_116_2003
2003-04-29T00:00:00Z,2003,119,23732,f,c,0,95,20.75,23731,n,8,ad,7,202,115,NA,2,1,23731_119_2003
2004-04-03T00:00:00Z,2004,94,23736,f,c,0,69,9.25,23735,n,10,ad,8,198,102,NA,2,2,23735_94_2004
2004-04-03T00:00:00Z,2004,94,23737,f,c,0,72,10,23735,n,10,ad,8,198,102,NA,2,2,23735_94_2004
2004-04-12T00:00:00Z,2004,103,23740,m,c,0,77,11,23739,n,6,ad,6,187,95,NA,2,1,23739_103_2004
2004-04-16T00:00:00Z,2004,107,23747,m,c,0,80,12.25,7863,r,18,ad,21,202,108,NA,2,2,7863_107_2004
2004-04-16T00:00:00Z,2004,107,23748,m,c,0,80,13.2,7863,r,18,ad,21,202,108,NA,2,2,7863_107_2004
2004-04-21T00:00:00Z,2004,112,23762,f,c,0,78,11.5,23356,r,11,ad,10,200,102,NA,2,2,23356_112_2004
2004-04-21T00:00:00Z,2004,112,23763,m,c,0,77,11.25,23356,r,11,ad,10,200,102,NA,2,2,23356_112_2004
2004-04-21T00:00:00Z,2004,112,23765,m,c,0,75,10.25,23764,n,9,ad,5,198,101,NA,2,1,23764_112_2004
2004-04-21T00:00:00Z,2004,112,23767,m,c,0,75,10,23766,n,7,ad,8,200,100,NA,2,2,23766_112_2004
2004-04-21T00:00:00Z,2004,112,23768,m,c,0,75,11,23766,n,7,ad,8,200,100,NA,2,2,23766_112_2004
2005-04-15T00:00:00Z,2005,105,23775,f,c,0,81,12.75,23774,n,25,ad,15,196,112,180.5,3,2,23774_105_2005
2005-04-15T00:00:00Z,2005,105,23776,m,c,0,83,16.5,23774,n,25,ad,15,196,112,180.5,3,2,23774_105_2005
2005-04-15T00:00:00Z,2005,105,23780,m,c,0,84,16.2,23779,n,18,ad,18,196,104,150,2,1,23779_105_2005
2005-04-17T00:00:00Z,2005,107,23783,f,c,0,87,16.5,23697,r,10,ad,5,195,118,NA,3,1,23697_107_2005
2005-04-19T00:00:00Z,2005,109,23787,m,c,0,69,7,23742,r,8,ad,17,196,105,NA,2,2,23742_109_2005
2005-04-19T00:00:00Z,2005,109,23788,m,c,0,66,7,23742,r,8,ad,17,196,105,NA,2,2,23742_109_2005
2005-04-19T00:00:00Z,2005,109,23789,f,c,0,98,26.5,7815,r,14,ad,19,198,121,NA,3,1,7815_109_2005
2005-04-25T00:00:00Z,2005,115,23793,m,c,0,87,20.6,23357,r,6,ad,9,198,114,168,2,1,23357_115_2005
2005-04-26T00:00:00Z,2005,116,23795,m,c,0,75,11.4,23794,n,12,ad,12,192,116,172,2,2,23794_116_2005
2005-04-26T00:00:00Z,2005,116,23796,f,c,0,76,11.3,23794,n,12,ad,12,192,116,172,2,2,23794_116_2005
2005-04-27T00:00:00Z,2005,117,23798,m,c,0,93,21.6,7757,r,15,ad,17,187,135,135,2,3,7757_117_2005
2005-04-27T00:00:00Z,2005,117,23799,f,c,0,87,17,7757,r,15,ad,17,187,135,135,2,3,7757_117_2005
2005-04-27T00:00:00Z,2005,117,23800,f,c,0,73,9.75,7757,r,15,ad,17,187,135,135,2,3,7757_117_2005
2006-03-30T00:00:00Z,2006,89,23810,m,c,0,83,12.5,23731,r,8,ad,10,205,111,163,2,2,23731_89_2006
2006-03-30T00:00:00Z,2006,89,23811,f,c,0,85,14,23731,r,8,ad,10,205,111,163,2,2,23731_89_2006
2006-04-07T00:00:00Z,2006,97,23827,f,c,0,81,14,23826,n,8,ad,7,197,113,163,2,2,23826_97_2006
2006-04-07T00:00:00Z,2006,97,23828,m,c,0,82,16,23826,n,8,ad,7,197,113,163,2,2,23826_97_2006
2006-04-11T00:00:00Z,2006,101,23839,f,c,0,79,11.5,23838,n,12,ad,13,197,102,138,2,2,23838_101_2006
2006-04-11T00:00:00Z,2006,101,23840,f,c,0,77,11.75,23838,n,12,ad,13,197,102,138,2,2,23838_101_2006
2006-04-11T00:00:00Z,2006,101,23848,m,c,0,78,12.25,23847,n,12,ad,6,198,112,141,2,2,23847_101_2006
2006-04-11T00:00:00Z,2006,101,23849,f,c,0,78,11.5,23847,n,12,ad,6,198,112,141,2,2,23847_101_2006
2006-04-12T00:00:00Z,2006,102,23852,f,c,0,75,9.25,23851,n,9,ad,12,194,110,146,2,2,23851_102_2006
2006-04-12T00:00:00Z,2006,102,23853,f,c,0,79,10.75,23851,n,9,ad,12,194,110,146,2,2,23851_102_2006
2006-04-12T00:00:00Z,2006,102,23855,m,c,0,72,8.5,23854,n,20,ad,19,193,99,138,2,2,23854_102_2006
2006-04-12T00:00:00Z,2006,102,23856,f,c,0,78,10,23854,n,20,ad,19,193,99,138,2,2,23854_102_2006
2006-04-13T00:00:00Z,2006,103,23858,m,c,0,87,15.25,23857,n,25,ad,18,194,103,140,2,2,23857_103_2006
2006-04-13T00:00:00Z,2006,103,23859,f,c,0,79,12,23857,n,25,ad,18,194,103,140,2,2,23857_103_2006
2006-04-13T00:00:00Z,2006,103,23862,f,c,0,82,13.5,23861,n,8,ad,7,189,113,157,3,1,23861_103_2006
2006-04-24T00:00:00Z,2006,114,23870,f,c,0,93,19.25,23869,n,18,ad,15,199,107,NA,2,2,23869_114_2006
2006-04-24T00:00:00Z,2006,114,23871,m,c,0,88,16.75,23869,n,18,ad,15,199,107,NA,2,2,23869_114_2006
2006-04-24T00:00:00Z,2006,114,23874,m,c,0,84,17,23274,r,18,ad,15,192,107,NA,2,2,23274_114_2006
2006-04-24T00:00:00Z,2006,114,23875,m,c,0,84,16,23274,r,18,ad,15,192,107,NA,2,2,23274_114_2006
2006-04-24T00:00:00Z,2006,114,23876,m,c,0,76,12.25,23873,n,25,ad,14,195,102,NA,1,2,23873_114_2006
2006-04-24T00:00:00Z,2006,114,23877,m,c,0,80,13.5,23873,n,25,ad,14,195,102,NA,1,2,23873_114_2006
2007-03-31T00:00:00Z,2007,90,23891,f,c,0,90,19.25,23357,r,9,ad,11,201,118,157,2,1,23357_90_2007
2007-03-31T00:00:00Z,2007,90,23893,m,c,0,71,10.5,23714,r,9,ad,10,198,104,143,2,2,23714_90_2007
2007-03-31T00:00:00Z,2007,90,23894,f,c,0,69,10,23714,r,9,ad,10,198,104,143,2,2,23714_90_2007
2007-04-03T00:00:00Z,2007,93,23900,m,c,0,75,10.25,23637,r,8,ad,6,206,115,183,2,2,23637_93_2007
2007-04-03T00:00:00Z,2007,93,23901,m,c,0,73,11.5,23637,r,8,ad,6,206,115,183,2,2,23637_93_2007
2007-04-07T00:00:00Z,2007,97,23904,m,c,0,68,7,23690,r,9,ad,10,199,111,147,2,2,23690_97_2007
2007-04-07T00:00:00Z,2007,97,23905,m,c,0,65,6.75,23690,r,9,ad,10,199,111,147,2,2,23690_97_2007
2007-04-09T00:00:00Z,2007,99,23908,f,c,0,88,14.25,23907,n,14,ad,13,197,105,130,1,1,23907_99_2007
2007-04-01T00:00:00Z,2007,91,23910,m,c,0,78,11.25,23479,r,8,ad,9,194,102,133,2,2,23479_91_2007
2007-04-01T00:00:00Z,2007,91,23911,f,c,0,78,9.75,23479,r,8,ad,9,194,102,133,2,2,23479_91_2007
2008-04-09T00:00:00Z,2008,100,23925,f,c,0,76,9.5,23924,n,17,ad,10,191,99,137,2,2,23924_100_2008
2008-04-09T00:00:00Z,2008,100,23926,m,c,0,78,9.5,23924,n,17,ad,10,191,99,137,2,2,23924_100_2008
2008-04-13T00:00:00Z,2008,104,23938,f,c,0,84,13.5,23689,r,6,ad,6,205,101,141,2,1,23689_104_2008
2008-04-14T00:00:00Z,2008,105,23940,f,c,0,83,13.75,23909,r,16,ad,12,201,107,136,2,2,23909_105_2008
2008-04-14T00:00:00Z,2008,105,23941,m,c,0,82,13.5,23909,r,16,ad,12,201,107,136,2,2,23909_105_2008
2008-04-20T00:00:00Z,2008,111,23950,f,c,0,86,14.25,23781,r,6,ad,8,195,118,160,2,2,23781_111_2008
2008-04-20T00:00:00Z,2008,111,23951,f,c,0,82,13.25,23781,r,6,ad,8,195,118,160,2,2,23781_111_2008
2008-04-21T00:00:00Z,2008,112,23952,f,c,0,89,16,23703,r,14,ad,15,189,110,137,2,1,23703_112_2008
2008-04-24T00:00:00Z,2008,115,23959,m,c,0,60,7.25,23958,n,5,ad,5,183,108,142,2,1,23958_115_2008
2008-04-25T00:00:00Z,2008,116,23963,f,c,0,93,20.75,7757,r,12,ad,20,191,117,140,2,2,7757_116_2008
2008-04-25T00:00:00Z,2008,116,23964,f,c,0,95,20.75,7757,r,12,ad,20,191,117,140,2,2,7757_116_2008
2008-04-25T00:00:00Z,2008,116,23967,m,c,0,76,10.75,23966,n,8,ad,14,197,113,152,2,2,23966_116_2008
2008-04-25T00:00:00Z,2008,116,23968,f,c,0,79,12.5,23966,n,8,ad,14,197,113,152,2,2,23966_116_2008
2008-04-27T00:00:00Z,2008,118,23975,f,c,0,85,14.75,7803,r,26,ad,23,197,112,176,2,1,7803_118_2008
2008-04-28T00:00:00Z,2008,119,23981,f,c,0,95,22.5,23634,r,20,ad,14,190,108,148,2,2,23634_119_2008
2008-04-28T00:00:00Z,2008,119,23982,m,c,0,97,23.5,23634,r,20,ad,14,190,108,148,2,2,23634_119_2008
2008-05-01T00:00:00Z,2008,122,23983,m,c,0,95,25,23343,r,11,ad,11,190,107,165,2,2,23343_122_2008
2008-05-01T00:00:00Z,2008,122,23984,f,c,0,96,24.5,23343,r,11,ad,11,190,107,165,2,2,23343_122_2008
2009-03-29T00:00:00Z,2009,88,23987,f,c,0,75,11,23826,r,10,ad,10,194,108,139,2,2,23826_88_2009
2009-03-29T00:00:00Z,2009,88,23988,f,c,0,76,11,23826,r,10,ad,10,194,108,139,2,2,23826_88_2009
2009-04-06T00:00:00Z,2009,96,23994,f,c,0,68,9,23993,n,15,ad,9,192,104,138,2,2,23993_96_2009
2009-04-06T00:00:00Z,2009,96,23995,f,c,0,70,9,23993,n,15,ad,9,192,104,138,2,2,23993_96_2009
2009-04-14T00:00:00Z,2009,104,23999,m,c,0,68,7.25,23106,r,13,ad,19,209,110,164,2,3,23106_104_2009
2009-04-14T00:00:00Z,2009,104,26000,f,c,0,81,11.5,23106,r,13,ad,19,209,110,164,2,3,23106_104_2009
2009-04-14T00:00:00Z,2009,104,26001,m,c,0,84,15.5,23106,r,13,ad,19,209,110,164,2,3,23106_104_2009
2009-04-16T00:00:00Z,2009,106,26005,m,c,0,70,9.5,23639,r,8,ad,9,189,100,122,2,2,23639_106_2009
2009-04-16T00:00:00Z,2009,106,26006,m,c,0,70,9.25,23639,r,8,ad,9,189,100,122,2,2,23639_106_2009
2009-04-18T00:00:00Z,2009,108,26008,m,c,0,87,18.5,23731,r,14,ad,13,205,115,185,3,1,23731_108_2009
2009-04-22T00:00:00Z,2009,112,26013,m,c,0,80,13.25,23479,r,14,ad,11,191,108,148,1,1,23479_112_2009
2009-04-25T00:00:00Z,2009,115,26019,f,c,0,93,23,26018,n,18,ad,18,197,114,176,3,1,26018_115_2009
2010-04-08T00:00:00Z,2010,98,26026,f,c,0,73,11,26025,n,13,ad,13,190,113,171,3,2,26025_98_2010
2010-04-08T00:00:00Z,2010,98,26027,f,c,0,76,13,26025,n,13,ad,13,190,113,171,3,2,26025_98_2010
2010-04-17T00:00:00Z,2010,107,26034,m,c,0,84,21.5,26033,n,11,ad,11,195,113,185,2,1,26033_107_2010
2011-04-04T00:00:00Z,2011,94,26037,f,c,0,69,9.25,23992,r,6,ad,6,195,122,185,3,1,23992_94_2011
2011-04-07T00:00:00Z,2011,97,26040,f,c,0,82,14.25,23831,r,13,ad,9,200,108,163,3,2,23831_97_2011
2011-04-07T00:00:00Z,2011,97,26041,f,c,0,79,12.75,23831,r,13,ad,9,200,108,163,3,2,23831_97_2011
2011-04-08T00:00:00Z,2011,98,26042,m,c,0,80,12,23688,r,15,ad,16,203,111,170,2,2,23688_98_2011
2011-04-08T00:00:00Z,2011,98,26043,m,c,0,87,16.5,23688,r,15,ad,16,203,111,170,2,2,23688_98_2011
2011-04-10T00:00:00Z,2011,100,26045,f,c,0,70,10,26044,n,11,ad,11,196,106,135,2,2,26044_100_2011
2011-04-10T00:00:00Z,2011,100,26046,m,c,0,69,8.75,26044,n,11,ad,11,196,106,135,2,2,26044_100_2011
2011-04-18T00:00:00Z,2011,108,26048,f,c,0,78,12.75,23639,r,9,ad,11,184,102,129,2,2,23639_108_2011
2011-04-18T00:00:00Z,2011,108,26049,m,c,0,74,12.5,23639,r,9,ad,11,184,102,129,2,2,23639_108_2011
2011-04-19T00:00:00Z,2011,109,26051,m,c,0,84,17.25,26018,r,22,ad,20,199,114,200,3,3,26018_109_2011
2011-04-19T00:00:00Z,2011,109,26052,f,c,0,85,18,26018,r,22,ad,20,199,114,200,3,3,26018_109_2011
2011-04-19T00:00:00Z,2011,109,26053,f,c,0,73,11,26018,r,22,ad,20,199,114,200,3,3,26018_109_2011
2011-04-23T00:00:00Z,2011,113,26055,m,c,0,86,16.75,23732,r,8,ad,8,190,106,146,2,1,23732_113_2011
2011-04-23T00:00:00Z,2011,113,26056,m,c,0,96,22.25,23731,r,14,ad,15,199,109,142,2,1,23731_113_2011
2011-04-26T00:00:00Z,2011,116,26059,m,c,0,72,10.25,23966,r,12,ad,17,198,116,173,3,2,23966_116_2011
2011-04-26T00:00:00Z,2011,116,26060,f,c,0,74,10.75,23966,r,12,ad,17,198,116,173,3,2,23966_116_2011
2012-04-04T00:00:00Z,2012,95,26069,m,c,0,76,14.5,26068,n,12,ad,12,190,113,145,2,2,26068_95_2012
2012-04-04T00:00:00Z,2012,95,26070,m,c,0,76,12.75,26068,n,12,ad,12,190,113,145,2,2,26068_95_2012
2012-04-05T00:00:00Z,2012,96,26074,f,c,0,89,21.5,23931,r,11,ad,12,183,121,168,3,1,23931_96_2012
2012-04-09T00:00:00Z,2012,100,26080,f,c,0,76,13.5,23906,r,9,ad,9,191,99,116,2,1,23906_100_2012
2012-04-19T00:00:00Z,2012,110,26086,f,c,0,64,6.5,23719,r,15,ad,11,189,103,122,2,2,23719_110_2012
2012-04-19T00:00:00Z,2012,110,26087,f,c,0,62,6,23719,r,15,ad,11,189,103,122,2,2,23719_110_2012
2012-04-19T00:00:00Z,2012,110,26089,m,c,0,77,13.5,26088,n,15,ad,7,199,127,203,3,2,26088_110_2012
2012-04-19T00:00:00Z,2012,110,26090,m,c,0,80,14,26088,n,15,ad,7,199,127,203,3,2,26088_110_2012
2012-04-20T00:00:00Z,2012,111,26092,f,c,0,84,16.75,26009,r,6,ad,6,191,113,147,2,2,26009_111_2012
2012-04-20T00:00:00Z,2012,111,26093,m,c,0,84,16.75,26009,r,6,ad,6,191,113,147,2,2,26009_111_2012
2012-04-21T00:00:00Z,2012,112,26096,m,c,0,90,18.25,23479,r,14,ad,14,191,105,144,2,2,23479_112_2012
2012-04-21T00:00:00Z,2012,112,26097,m,c,0,91,20,23479,r,14,ad,14,191,105,144,2,2,23479_112_2012
2012-04-27T00:00:00Z,2012,118,26100,m,c,0,84,17,23393,r,17,ad,20,189,113,155,2,1,23393_118_2012
2012-04-28T00:00:00Z,2012,119,26104,f,c,0,90,21.75,23361,r,22,ad,16,200,116,212,3,2,23361_119_2012
2012-04-28T00:00:00Z,2012,119,26105,f,c,0,102,24.75,23361,r,22,ad,16,200,116,212,3,2,23361_119_2012
2013-04-10T00:00:00Z,2013,100,26138,m,c,0,71,7.5,26137,n,6,ad,5,196,100,118,1,2,26137_100_2013
2013-04-10T00:00:00Z,2013,100,26139,m,c,0,73,8.25,26137,n,6,ad,5,196,100,118,1,2,26137_100_2013
2013-04-13T00:00:00Z,2013,103,26148,f,c,0,79,12.5,26147,n,18,ad,12,200,130,197,3,2,26147_103_2013
2013-04-13T00:00:00Z,2013,103,26149,f,c,0,77,11.5,26147,n,18,ad,12,200,130,197,3,2,26147_103_2013
2013-04-14T00:00:00Z,2013,104,26151,f,c,0,75,10,23909,r,18,ad,17,204,108,153,2,2,23909_104_2013
2013-04-14T00:00:00Z,2013,104,26152,f,c,0,76,10.5,23909,r,18,ad,17,204,108,153,2,2,23909_104_2013
2013-04-15T00:00:00Z,2013,105,26154,m,c,0,81,12.75,26153,n,14,ad,10,191,109,147,2,2,26153_105_2013
2013-04-15T00:00:00Z,2013,105,26155,f,c,0,83,12.75,26153,n,14,ad,10,191,109,147,2,2,26153_105_2013
2013-04-16T00:00:00Z,2013,106,26158,f,c,0,90,19,26157,n,9,ad,8,205,114,161,2,2,26157_106_2013
2013-04-16T00:00:00Z,2013,106,26159,f,c,0,91,18.5,26157,n,9,ad,8,205,114,161,2,2,26157_106_2013
2013-04-16T00:00:00Z,2013,106,26161,f,c,0,83,12.75,26160,n,19,ad,14,208,102,142,1,2,26160_106_2013
2013-04-16T00:00:00Z,2013,106,26162,m,c,0,83,14.25,26160,n,19,ad,14,208,102,142,1,2,26160_106_2013
2013-04-18T00:00:00Z,2013,108,26169,m,c,0,81,13,26168,n,12,ad,12,186,108,136,3,2,26168_108_2013
2013-04-18T00:00:00Z,2013,108,26170,f,c,0,78,12.5,26168,n,12,ad,12,186,108,136,3,2,26168_108_2013
2013-04-20T00:00:00Z,2013,110,26173,f,c,0,77,11.75,23937,r,8,ad,8,211,106,153,2,1,23937_110_2013
2013-04-29T00:00:00Z,2013,119,26174,f,c,0,87,14,23360,r,22,ad,21,192,100,129,2,1,23360_119_2013
2014-04-02T00:00:00Z,2014,92,26202,f,c,0,79,11,23980,r,8,ad,8,195,115,150,3,2,23980_92_2014
2014-04-02T00:00:00Z,2014,92,26203,m,c,0,72,10,23980,r,8,ad,8,195,115,150,3,2,23980_92_2014
2014-04-23T00:00:00Z,2014,113,26222,m,c,0,90,17.25,23881,r,13,ad,11,200,108,143,2,1,23881_113_2014
2014-04-27T00:00:00Z,2014,117,26227,m,c,0,84,15.25,26226,n,7,ad,7,190,108,154,3,1,26226_117_2014
2015-04-04T00:00:00Z,2015,94,26231,m,c,0,80,13.75,26117,r,17,ad,16,193,109,130,2,1,26117_94_2015
2015-04-11T00:00:00Z,2015,101,26232,f,c,0,74,9.5,23500,r,10,ad,15,192,105,129,2,2,23500_101_2015
2015-04-11T00:00:00Z,2015,101,26233,m,c,0,71,9.5,23500,r,10,ad,15,192,105,129,2,2,23500_101_2015
2015-04-15T00:00:00Z,2015,105,26234,f,c,0,86,13.75,23689,r,13,ad,13,205,106,145,2,1,23689_105_2015
2015-04-21T00:00:00Z,2015,111,26237,f,c,0,101,26,26018,r,25,ad,24,201,112,166,2,3,26018_111_2015
2015-04-21T00:00:00Z,2015,111,26238,f,c,0,95,21.25,26018,r,25,ad,24,201,112,166,2,3,26018_111_2015
2015-04-21T00:00:00Z,2015,111,26239,f,c,0,83,13.75,26018,r,25,ad,24,201,112,166,2,3,26018_111_2015
2015-04-21T00:00:00Z,2015,111,26240,f,c,0,100,22.5,23939,r,10,ad,11,203,113,165,2,1,23939_111_2015
2015-04-24T00:00:00Z,2015,114,26244,f,c,0,78,11.25,26243,n,12,ad,8,201,100,123,1,2,26243_114_2015
2015-04-24T00:00:00Z,2015,114,26245,m,c,0,78,12,26243,n,12,ad,8,201,100,123,1,2,26243_114_2015
2015-04-25T00:00:00Z,2015,115,26246,f,c,0,82,15,23935,r,13,ad,11,190,111,153,2,2,23935_115_2015
2015-04-25T00:00:00Z,2015,115,26247,m,c,0,83,15.75,23935,r,13,ad,11,190,111,153,2,2,23935_115_2015
2015-04-25T00:00:00Z,2015,115,26248,f,c,0,79,11.25,23872,r,17,ad,22,193,112,157,2,1,23872_115_2015
2015-04-28T00:00:00Z,2015,118,26249,f,c,0,74,10.5,23732,r,15,ad,12,188,118,152,2,2,23732_118_2015
2015-04-28T00:00:00Z,2015,118,26250,f,c,0,74,10.75,23732,r,15,ad,12,188,118,152,2,2,23732_118_2015
2015-04-28T00:00:00Z,2015,118,26251,m,c,0,86,17.75,23811,r,12,ad,9,195,104,139,2,2,23811_118_2015
2015-04-28T00:00:00Z,2015,118,26252,m,c,0,88,16.5,23811,r,12,ad,9,195,104,139,2,2,23811_118_2015
2015-04-29T00:00:00Z,2015,119,26254,m,c,0,82,14.5,23479,r,13,ad,17,195,108,152,2,2,23479_119_2015
2015-04-29T00:00:00Z,2015,119,26255,f,c,0,84,14.75,23479,r,13,ad,17,195,108,152,2,2,23479_119_2015
2016-04-04T00:00:00Z,2016,95,26261,f,c,0,78,11.25,23688,r,16,ad,21,207,104,148,2,1,23688_95_2016
2016-04-05T00:00:00Z,2016,96,26262,m,c,0,85,13.5,23803,r,11,ad,12,184,100,104,2,1,23803_96_2016
2016-04-09T00:00:00Z,2016,100,26266,f,c,0,97,22,26084,r,14,ad,12,204,124,191,3,1,26084_100_2016
2016-04-14T00:00:00Z,2016,105,26274,m,c,0,82,15.5,23944,r,9,ad,13,197,123,187,3,2,23944_105_2016
2016-04-14T00:00:00Z,2016,105,26275,m,c,0,82,14.5,23944,r,9,ad,13,197,123,187,3,2,23944_105_2016
2016-04-15T00:00:00Z,2016,106,26276,m,c,0,80,14.5,23745,r,15,ad,14,193,111,138,2,2,23745_106_2016
2016-04-15T00:00:00Z,2016,106,26277,f,c,0,80,13.5,23745,r,15,ad,14,193,111,138,2,2,23745_106_2016
2016-04-16T00:00:00Z,2016,107,26280,m,c,0,81,14.5,23958,r,10,ad,13,179,109,146,2,2,23958_107_2016
2016-04-16T00:00:00Z,2016,107,26281,f,c,0,80,13.5,23958,r,10,ad,13,179,109,146,2,2,23958_107_2016
2016-04-18T00:00:00Z,2016,109,26282,m,c,0,77,12.25,26131,r,13,ad,10,187,103,147,2,2,26131_109_2016
2016-04-18T00:00:00Z,2016,109,26283,m,c,0,82,14.75,26131,r,13,ad,10,187,103,147,2,2,26131_109_2016
2016-04-20T00:00:00Z,2016,111,26285,f,c,0,81,14,26102,r,13,ad,9,182,107,141,2,2,26102_111_2016
2016-04-20T00:00:00Z,2016,111,26286,f,c,0,80,14,26102,r,13,ad,9,182,107,141,2,2,26102_111_2016
2016-04-25T00:00:00Z,2016,116,26289,m,c,0,80,14.25,26288,n,10,ad,14,189,106,134,2,1,26288_116_2016
2017-03-27T00:00:00Z,2017,86,26295,m,c,0,73,11.5,23980,r,11,ad,11,192,115,172,2,2,23980_86_2017
2017-03-27T00:00:00Z,2017,86,26296,f,c,0,74,12.25,23980,r,11,ad,11,192,115,172,2,2,23980_86_2017
2017-03-28T00:00:00Z,2017,87,26297,f,c,0,NA,17,23992,r,13,ad,12,201,123,209,3,2,23992_87_2017
2017-03-28T00:00:00Z,2017,87,26298,m,c,0,NA,17.75,23992,r,13,ad,12,201,123,209,3,2,23992_87_2017
2017-04-01T00:00:00Z,2017,91,26299,f,c,0,74,9.75,26088,r,22,ad,12,199,120,152,2,1,26088_91_2017
2017-04-02T00:00:00Z,2017,92,26300,f,c,0,70,8.75,26179,r,9,ad,14,192,105,130,2,1,26179_92_2017
2017-04-13T00:00:00Z,2017,103,26308,f,c,0,84,15,23811,r,8,ad,11,196,107,138,2,2,23811_103_2017
2017-04-13T00:00:00Z,2017,103,26309,f,c,0,86,15.5,23811,r,8,ad,11,196,107,138,2,2,23811_103_2017
2018-04-03T00:00:00Z,2018,93,26317,m,c,0,85,15,23944,r,14,ad,15,201,120,175,2,2,23944_93_2018
2018-04-03T00:00:00Z,2018,93,26318,f,c,0,82,14.75,23944,r,14,ad,15,201,120,175,2,2,23944_93_2018
2018-04-10T00:00:00Z,2018,100,26321,f,c,0,96,23,23952,r,9,ad,10,197,124,173,3,1,23952_100_2018
2018-04-17T00:00:00Z,2018,107,26331,m,c,0,80,12.5,23500,r,12,ad,18,195,106,149,2,2,23500_107_2018
2018-04-17T00:00:00Z,2018,107,26332,f,c,0,78,10.5,23500,r,12,ad,18,195,106,149,2,2,23500_107_2018
2018-04-17T00:00:00Z,2018,107,26333,f,c,0,94,22,26209,r,12,ad,15,205,108,188,2,1,26209_107_2018
2018-04-19T00:00:00Z,2018,109,26334,f,c,0,76,12.25,26253,r,10,ad,6,186,109,145,3,1,26253_109_2018
2018-04-20T00:00:00Z,2018,110,26336,m,c,0,82,14.5,26335,n,24,ad,24,196,117,153,2,2,26335_110_2018
2018-04-20T00:00:00Z,2018,110,26337,f,c,0,81,13.5,26335,n,24,ad,24,196,117,153,2,2,26335_110_2018
2018-04-24T00:00:00Z,2018,114,26338,m,c,0,91,21.25,23882,r,12,ad,14,201,112,185,2,1,23882_114_2018
2018-04-22T00:00:00Z,2018,112,26339,m,c,0,91,21.25,26052,r,9,ad,7,199,123,198,2,1,26052_112_2018
2018-04-23T00:00:00Z,2018,113,26340,m,c,0,88,15.75,23939,r,12,ad,14,201,108,148,1,2,23939_113_2018
2018-04-23T00:00:00Z,2018,113,26341,f,c,0,95,19.25,23939,r,12,ad,14,201,108,148,1,2,23939_113_2018
2018-04-24T00:00:00Z,2018,114,26342,f,c,0,84,13.25,23689,r,18,ad,16,202,107,144,1,2,23689_114_2018
2018-04-24T00:00:00Z,2018,114,26343,m,c,0,80,11.5,23689,r,18,ad,16,202,107,144,1,2,23689_114_2018
2018-04-24T00:00:00Z,2018,114,26344,f,c,0,73,10,23940,r,9,ad,10,198,108,135,1,2,23940_114_2018
2018-04-24T00:00:00Z,2018,114,26345,m,c,0,74,9.25,23940,r,9,ad,10,198,108,135,1,2,23940_114_2018
2018-04-25T00:00:00Z,2018,115,26346,m,c,0,79,11.75,26079,r,15,ad,10,194,108,138,1,2,26079_115_2018
2018-04-25T00:00:00Z,2018,115,26347,f,c,0,81,11.5,26079,r,15,ad,10,194,108,138,1,2,26079_115_2018
2019-04-01T00:00:00Z,2019,91,26351,m,c,0,76,11,26350,n,9,ad,8,190,103,137,2,2,26350_91_2019
2019-04-01T00:00:00Z,2019,91,26352,f,c,0,71,9.5,26350,n,9,ad,8,190,103,137,2,2,26350_91_2019
2021-04-22T00:00:00Z,2021,112,26387,m,c,0,105,31.25,23952,r,13,ad,13,193,112,170,3,1,23952_112_2021
2021-05-02T00:00:00Z,2021,122,26395,m,c,0,88,18,23939,r,18,ad,17,204,122,190,3,2,23939_122_2021
2021-05-02T00:00:00Z,2021,122,26396,m,c,0,90,15,23939,r,18,ad,17,204,122,190,3,2,23939_122_2021
2022-03-31T00:00:00Z,2022,90,26397,f,c,0,76,11.25,26255,r,7,ad,7,192,105,140,2,2,26255_90_2022
2022-03-31T00:00:00Z,2022,90,26398,f,c,0,76,11.25,26255,r,7,ad,7,192,105,140,2,2,26255_90_2022
2022-04-01T00:00:00Z,2022,91,26400,f,c,0,65,7.5,26310,r,11,ad,7,180,114,144,2,2,26310_91_2022
2022-04-01T00:00:00Z,2022,91,26401,f,c,0,64,7.5,26310,r,11,ad,7,180,114,144,2,2,26310_91_2022
2022-04-07T00:00:00Z,2022,97,26409,f,c,0,70,8.5,26408,n,7,ad,7,182,105,116,2,2,26408_97_2022
2022-04-07T00:00:00Z,2022,97,26410,f,c,0,70,8.5,26408,n,7,ad,7,182,105,116,2,2,26408_97_2022
2022-04-10T00:00:00Z,2022,100,26415,m,c,0,83,14.75,26240,r,9,ad,7,213,117,178,2,2,26240_100_2022
2022-04-10T00:00:00Z,2022,100,26416,m,c,0,81,14.5,26240,r,9,ad,7,213,117,178,2,2,26240_100_2022
2022-04-10T00:00:00Z,2022,100,26417,m,c,0,89,17.75,23689,r,17,ad,20,205,116,161,2,1,23689_100_2022
2022-04-10T00:00:00Z,2022,100,26418,m,c,0,94,20.25,23882,r,25,ad,18,198,120,193,3,1,23882_100_2022
2022-04-12T00:00:00Z,2022,102,26419,f,c,0,95,21,23992,r,16,ad,17,200,124,172,2,1,23992_102_2022
2023-03-30T00:00:00Z,2023,89,26421,f,c,0,87,15.5,23937,r,20,ad,18,213,113,175,2,1,23937_89_2023
2023-04-07T00:00:00Z,2023,97,26422,m,c,0,85,18.75,26281,r,10,ad,7,180,115,158,2,1,26281_97_2023
2023-04-09T00:00:00Z,2023,99,26428,f,c,0,73,10,23956,r,14,ad,18,191,115,157,2,2,23956_99_2023
2023-04-09T00:00:00Z,2023,99,26429,f,c,0,68,8,23956,r,14,ad,18,191,115,157,2,2,23956_99_2023
2023-04-13T00:00:00Z,2023,103,26433,m,c,0,82,14,23980,r,16,ad,17,196,116,160,2,1,23980_103_2023
2024-03-26T00:00:00Z,2024,86,26440,f,c,0,83,17.75,26052,r,12,ad,13,200,122,186,2,1,26052_86_2024
2024-04-07T00:00:00Z,2024,98,26445,f,c,0,75,9.75,23882,r,22,ad,20,200,124,157,1,2,23882_98_2024
2024-04-07T00:00:00Z,2024,98,26446,f,c,0,77,10.5,23882,r,22,ad,20,200,124,157,1,2,23882_98_2024
2024-04-13T00:00:00Z,2024,104,26453,m,c,0,82,15.25,23840,r,18,ad,18,196,108,151,2,2,23840_104_2024
2024-04-13T00:00:00Z,2024,104,26454,f,c,0,81,14.25,23840,r,18,ad,18,196,108,151,2,2,23840_104_2024
2024-04-13T00:00:00Z,2024,104,26456,m,c,0,78,12.25,26455,n,18,ad,18,190,105,128,1,2,26455_104_2024
2024-04-13T00:00:00Z,2024,104,26457,m,c,0,78,11.5,26455,n,18,ad,18,190,105,128,1,2,26455_104_2024
2024-04-13T00:00:00Z,2024,104,26458,m,c,0,82,14,26214,r,11,ad,11,192,110,139,1,2,26214_104_2024
2024-04-13T00:00:00Z,2024,104,26459,m,c,0,81,13.5,26214,r,11,ad,11,192,110,139,1,2,26214_104_2024
2024-04-17T00:00:00Z,2024,108,26460,m,c,0,71,9.5,26131,r,22,ad,18,193,127,174,2,3,26131_108_2024
2024-04-17T00:00:00Z,2024,108,26461,f,c,0,60,5,26131,r,22,ad,18,193,127,174,2,3,26131_108_2024
2024-04-17T00:00:00Z,2024,108,26462,f,c,0,76,10.75,26131,r,22,ad,18,193,127,174,2,3,26131_108_2024
2025-04-06T00:00:00Z,2025,96,26463,f,c,0,78,11.75,26308,r,9,ad,8,195,103,128,2,2,26308_96_2025
2025-04-06T00:00:00Z,2025,96,26464,m,c,0,81,12.25,26308,r,9,ad,8,195,103,128,2,2,26308_96_2025
2025-04-21T00:00:00Z,2025,111,26472,f,c,0,77,17.25,26102,r,22,ad,18,188,116,174,2,2,26102_111_2025
2025-04-21T00:00:00Z,2025,111,26473,m,c,0,82,20.75,26102,r,22,ad,18,188,116,174,2,2,26102_111_2025
2025-04-26T00:00:00Z,2025,116,26474,m,c,0,99,24,26240,r,13,ad,10,214,114,207,2,1,26240_116_2025
2025-04-27T00:00:00Z,2025,117,26475,m,c,0,73,12,26171,r,25,ad,20,198,117,168,2,1,26171_117_2025
1997-04-09T00:00:00Z,1997,99,231075,f,c,0,NA,3.6,23106,n,7,ad,7,207,112,NA,2,3,23106_99_1997
